rebal_date,hold_date,n_stocks,n_entries,n_exits,turnover,gross_ret,cost_1x,net_ret_1x,spy_ret,excess_ret_1x
2010-02-28,2010-03-31,78,78,0,0.5,0.09637193050576694,0.0002,0.09617193050576693,0.056528992828734914,0.03964293767703202
2010-03-31,2010-04-30,79,19,18,0.2342,0.05640797308481368,0.0001130276753484897,0.05629494540946519,0.019651734703019397,0.03664321070644579
2010-04-30,2010-05-31,79,16,16,0.2025,-0.07280105585459234,9.446805548095866e-05,-0.0728955239100733,-0.07945488517926769,0.006559361269194389
2010-05-31,2010-06-30,78,14,15,0.1859,-0.07866129082203512,9.011535773085327e-05,-0.07875140617976596,-0.056231074580810114,-0.022520331598955848
2010-06-30,2010-07-31,78,16,16,0.2051,0.09363049447024456,9.49580852462802e-05,0.09353553638499829,0.07338339917448922,0.02015213721050907
2010-07-31,2010-08-31,78,15,15,0.1923,-0.04986398560272278,9.437080741794838e-05,-0.04995835641014073,-0.04498077040994075,-0.004977586000199978
2010-08-31,2010-09-30,78,16,16,0.2051,0.12020446206071832,9.492182085379564e-05,0.12010954023986452,0.08375313646708915,0.03635640377277537
2010-09-30,2010-10-31,79,23,22,0.2848,0.05289808835992269,0.00013240567041694786,0.052765682689505745,0.043760022733767334,0.009005659955738411
2010-10-31,2010-11-30,79,20,20,0.2532,0.028464927107318374,0.00010997673829411618,0.02835495036902426,0.0,0.02835495036902426
2010-11-30,2010-12-31,80,27,26,0.3312,0.05547195267683991,0.00014315028944979867,0.05532880238739011,0.06127130181864837,-0.005942499431258262
2010-12-31,2011-01-31,80,16,16,0.2,0.007712798862560183,9.205902811257896e-05,0.0076207398344476035,0.028681586519305746,-0.021060846684858144
2011-01-31,2011-02-28,80,16,16,0.2,0.04005178875740643,8.89658201849779e-05,0.03996282293722145,0.03473718879501986,0.005225634142201591
2011-02-28,2011-03-31,80,19,19,0.2375,0.023667600161021783,0.0001053536853144711,0.023562246475707312,-0.004205625621359843,0.027767872097067155
2011-03-31,2011-04-30,81,20,19,0.2407,0.031350671720522624,0.00010602231587523155,0.03124464940464739,0.033431330467409204,-0.0021866810627618125
2011-04-30,2011-05-31,81,16,16,0.1975,-0.01850096971429338,8.717760464828317e-05,-0.018588147318941664,-0.011214510324992322,-0.007373636993949342
2011-05-31,2011-06-30,81,24,24,0.2963,-0.0030788510417550092,0.0001268337243389119,-0.0032056847660939213,-0.0217198770340703,0.01851419226797638
2011-06-30,2011-07-31,81,21,21,0.2593,-0.02749407154614589,0.0001117705094493857,-0.027605842055595277,-0.015145981036947753,-0.012459861018647524
2011-07-31,2011-08-31,81,18,18,0.2222,-0.08043189351402542,9.830622827376888e-05,-0.08053019974229919,-0.05497537143564579,-0.0255548283066534
2011-08-31,2011-09-30,82,19,18,0.2256,-0.09602773761641384,0.00010442790594829679,-0.09613216552236213,-0.07421056322243014,-0.021921602299931994
2011-09-30,2011-10-31,80,22,24,0.2875,0.14784826532275547,0.00012931202057723463,0.14771895330217824,0.11488534083915836,0.032833612463019884
2011-10-31,2011-11-30,82,24,22,0.2805,0.004417969606491,0.0001359632457739915,0.004282006360717008,-0.004063426716904961,0.008345433077621969
2011-11-30,2011-12-31,82,17,17,0.2073,-0.002355229626831391,9.095330015076155e-05,-0.0024461829269821524,0.004080005520341379,-0.006526188447323531
2011-12-31,2012-01-31,82,23,23,0.2805,0.04770172537908698,0.00011888543841545837,0.04758283994067152,0.05301139771715779,-0.005428557776486272
2012-01-31,2012-02-29,83,20,19,0.2349,0.047843859426681665,0.00010717317490590791,0.04773668625177575,0.04340452618314927,0.004332160068626481
2012-02-29,2012-03-31,83,20,20,0.241,0.040105256425762924,0.00010672089790785718,0.03999853552785507,0.02766033418435998,0.012338201343495087
2012-03-31,2012-04-30,83,15,15,0.1807,0.027107643318154382,8.054895435829366e-05,0.02702709436379609,-0.00232228534859491,0.029349379712391
2012-04-30,2012-05-31,84,18,17,0.2083,-0.0518060721540719,9.293243399732993e-05,-0.05189900458806923,-0.06005609884999452,0.00815709426192529
2012-05-31,2012-06-30,84,13,13,0.1548,0.02180570845087864,7.226966807962459e-05,0.021733438782799014,0.035217532467291646,-0.013484093684492632
2012-06-30,2012-07-31,84,21,21,0.25,0.012599328847698786,0.00010926233808970009,0.012490066509609085,0.017072279600746754,-0.0045822130911376685
2012-07-31,2012-08-31,84,23,23,0.2738,0.018004512296793798,0.0001169028208530295,0.017887609475940768,0.025052526673362774,-0.007164917197422006
2012-08-31,2012-09-30,84,17,17,0.2024,0.01788334827347435,8.836210956199009e-05,0.01779498616391236,0.019906640756605976,-0.002111654592693614
2012-09-30,2012-10-31,85,33,32,0.3824,-0.0027137231410097927,0.0001597205437641266,-0.0028734436847739193,-0.012957213525886635,0.010083769841112715
2012-10-31,2012-11-30,84,22,23,0.2679,0.026548342004285956,0.00011649576513732772,0.02643184623914863,0.00565972503372314,0.02077212120542549
2012-11-30,2012-12-31,84,20,20,0.2381,0.024941545975828438,0.00010305675026407897,0.024838489225564357,0.0018288431214581458,0.02300964610410621
2012-12-31,2013-01-31,85,22,21,0.2529,0.07304667652229863,0.00010922897190974603,0.07293744755038888,0.05864573163029707,0.014291715920091805
2013-01-31,2013-02-28,85,18,18,0.2118,0.009461122798701871,9.870313780711277e-05,0.009362419660894758,0.01275920066837144,-0.0033967810074766822
2013-02-28,2013-03-31,85,20,20,0.2353,0.048298653924375164,0.00010158872965960477,0.04819706519471556,0.03337462240346878,0.014822442791246782
2013-03-31,2013-04-30,85,23,23,0.2706,0.013493997201299786,0.00011612750062155656,0.01337786970067823,0.02374538741324983,-0.0103675177125716
2013-04-30,2013-05-31,85,21,21,0.2471,0.025525191767943954,0.00010639481622119252,0.02541879695172276,0.023609962946126162,0.0018088340055965983
2013-05-31,2013-06-30,86,24,23,0.2733,-0.01424595012464569,0.00011896041452436981,-0.014364910539170059,-0.018537526397508053,0.004172615858337994
2013-06-30,2013-07-31,86,31,31,0.3605,0.0676168836419711,0.00015302682331286657,0.06746385681865824,0.057241122816749535,0.010222734001908707
2013-07-31,2013-08-31,87,22,21,0.2471,-0.013012150401193159,0.00011359347449130105,-0.01312574387568446,-0.02999181468703438,0.01686607081134992
2013-08-31,2013-09-30,87,22,22,0.2529,0.07109660873879901,0.0001101063592421752,0.07098650237955684,0.026642413817258292,0.044344088562298545
2013-09-30,2013-10-31,87,21,21,0.2414,0.05378781611475089,0.0001097050298689184,0.05367811108488197,0.05140622415901275,0.0022718869258692223
2013-10-31,2013-11-30,87,15,15,0.1724,0.043245076925075454,8.049647294943421e-05,0.04316458045212602,0.02963810567539915,0.013526474776726867
2013-11-30,2013-12-31,88,19,18,0.2102,0.035831065137458235,9.653967592851721e-05,0.03573452546152972,0.020386356225135405,0.015348169236394316
2013-12-31,2014-01-31,88,17,17,0.1932,0.009762442367116961,8.532058769492086e-05,0.009677121779422041,-0.03001056400323565,0.03968768578265769
2014-01-31,2014-02-28,88,13,13,0.1477,0.05573558305653468,7.310116277442911e-05,0.055662481893760246,0.04551571360012274,0.010146768293637504
2014-02-28,2014-03-31,88,21,21,0.2386,-0.02144215771393672,0.00010731521976828759,-0.021549472933705006,0.003865177603549652,-0.025414650537254658
2014-03-31,2014-04-30,88,14,14,0.1591,-0.03227421648150326,7.461590044230003e-05,-0.03234883238194556,0.011395588985723792,-0.04374442136766935
2014-04-30,2014-05-31,88,15,15,0.1705,0.033108248357624055,7.773606519163783e-05,0.03303051229243242,0.02320647991701663,0.009824032375415785
2014-05-31,2014-06-30,89,23,22,0.2528,0.0318674323448773,0.00011272814290216293,0.03175470420197514,0.015777633061898833,0.015977071140076307
2014-06-30,2014-07-31,89,16,16,0.1798,-0.021330521289731917,8.023741176718656e-05,-0.021410758701499104,-0.008710120659667697,-0.012700638041831407
2014-07-31,2014-08-31,90,15,14,0.1611,0.05475252117839513,7.284890850999762e-05,0.054679672269885134,0.039463351782134115,0.015216320487751019
2014-08-31,2014-09-30,90,21,21,0.2333,-0.019962311926249178,0.00010400984706222162,-0.0200663217733114,-0.01838504305408073,-0.0016812787192306694
2014-09-30,2014-10-31,90,22,22,0.2444,0.02192333039255894,0.00010478549473239223,0.021818544897826548,0.0283354141660066,-0.006516869268180053
2014-10-31,2014-11-30,90,16,16,0.1778,0.030972783178213555,8.094604574864159e-05,0.030891837132464912,0.027471956549360854,0.0034198805831040582
2014-11-30,2014-12-31,90,33,33,0.3667,-0.0027746972614816944,0.00015526599269697583,-0.00292996325417867,-0.008011338696341408,0.005081375442162738
2014-12-31,2015-01-31,90,21,21,0.2333,0.003200670420801552,9.945051914965532e-05,0.003101219901651897,-0.02427354547521987,0.02737476537687177
2015-01-31,2015-02-28,90,19,19,0.2111,0.025442264545141664,9.461561616017902e-05,0.025347648928981486,0.056204566548859525,-0.03085691761987804
2015-02-28,2015-03-31,90,23,23,0.2556,0.01388300228506913,0.00011177840551635232,0.013771223879552777,-0.020079921897371844,0.03385114577692462
2015-03-31,2015-04-30,90,25,25,0.2778,-0.029378320280864376,0.00011740593977989827,-0.029495726220644274,0.014341659388490413,-0.04383738560913469
2015-04-30,2015-05-31,90,21,21,0.2333,0.0414980372967944,0.00010067039757430961,0.04139736689922009,0.0128559150734191,0.028541451825800992
2015-05-31,2015-06-30,90,26,26,0.2889,-0.0040211713054268865,0.0001250431048369096,-0.0041462144102637965,-0.025054644246170876,0.02090842983590708
2015-06-30,2015-07-31,90,18,18,0.2,0.03833816308417296,8.797850721945138e-05,0.03825018457695351,0.027563602229304873,0.010686582347648639
2015-07-31,2015-08-31,91,16,15,0.1703,-0.05318846514540608,8.050164211529669e-05,-0.053268966787521375,-0.06094989711039289,0.007680930322871517
2015-08-31,2015-09-30,91,18,18,0.1978,-0.022756921526786173,8.863715527897894e-05,-0.022845558682065153,-0.030556145564558546,0.007710586882493393
2015-09-30,2015-10-31,91,12,12,0.1319,0.058066933293899614,6.0136308392732624e-05,0.058006796985506884,0.09070058405819847,-0.03269378707269159
2015-10-31,2015-11-30,91,20,20,0.2198,0.016399323523215822,0.00010080523408610182,0.01629851828912972,0.0036553729125801127,0.012643145376549609
2015-11-30,2015-12-31,91,19,19,0.2088,-0.011434840326817011,9.09282029628283e-05,-0.011525768529779839,-0.023096661954228326,0.011570893424448487
2015-12-31,2016-01-31,91,17,17,0.1868,-0.05682108187549678,8.191654926727334e-05,-0.056902998424764054,-0.04413157592575978,-0.012771422499004273
2016-01-31,2016-02-29,91,22,22,0.2418,-0.011497165105096626,0.00010893979208027765,-0.011606104897176903,-0.0008255729876320839,-0.010780531909544819
2016-02-29,2016-03-31,91,20,20,0.2198,0.0691442990317978,9.611758864154196e-05,0.06904818144315626,0.06178931473707472,0.007258866706081543
2016-03-31,2016-04-30,91,21,21,0.2308,-0.015171852067778777,0.000103338603126874,-0.015275190670905651,0.009119435450385627,-0.024394626121291278
2016-04-30,2016-05-31,91,17,17,0.1868,0.03612338590428262,8.169051450873905e-05,0.036041695389773885,0.017011563009164288,0.019030132380609598
2016-05-31,2016-06-30,91,17,17,0.1868,0.036257497520518434,8.270317059781358e-05,0.03617479434992062,-0.0017157356565405957,0.03789053000646122
2016-06-30,2016-07-31,92,14,13,0.1467,0.02578813256085253,6.914169012986876e-05,0.02571899087072266,0.04186136116791661,-0.01614237029719395
2016-07-31,2016-08-31,92,19,19,0.2065,-0.025335518209217544,8.972612963314916e-05,-0.025425244338850694,0.0011974333073427879,-0.02662267764619348
2016-08-31,2016-09-30,92,23,23,0.25,0.0030712471810637547,0.00010690941805345657,0.0029643377630102982,-0.004968118690397261,0.007932456453407559
2016-09-30,2016-10-31,92,23,23,0.25,-0.028215425310720164,0.00010483360315521329,-0.028320258913875376,-0.012373438079777754,-0.01594682083409762
2016-10-31,2016-11-30,92,31,31,0.337,0.04186201732010673,0.00014154745908395852,0.04172046986102277,0.03683864524838287,0.004881824612639897
2016-11-30,2016-12-31,93,26,25,0.2742,0.008909924182193303,0.00012205392024579406,0.00878787026194751,0.014293368465581047,-0.005505498203633536
2016-12-31,2017-01-31,93,36,36,0.3871,0.035322700241157856,0.000159637393927691,0.03516306284723016,0.023894411361041312,0.01126865148618885
2017-01-31,2017-02-28,93,20,20,0.2151,0.026622005529948433,9.604930132860243e-05,0.02652595622861983,0.039291234731113844,-0.012765278502494013
2017-02-28,2017-03-31,93,28,28,0.3011,0.0072164563590072055,0.00012861473288688642,0.007087841626120319,-0.003086980749867907,0.010174822375988227
2017-03-31,2017-04-30,93,22,22,0.2366,0.012072913636341701,0.00010177992563892643,0.011971133710702775,0.014319921791830614,-0.0023487880811278398
2017-04-30,2017-05-31,93,14,14,0.1505,0.019150674427861784,6.854010887975889e-05,0.019082134318982025,0.01411295240052124,0.004969181918460786
2017-05-31,2017-06-30,93,24,24,0.2581,-0.00479482667870221,0.00011254442199942565,-0.004907371100701636,0.0014908844036189972,-0.006398255504320633
2017-06-30,2017-07-31,93,22,22,0.2366,0.035932270344644954,0.00010191943341617037,0.035830350911228784,0.025531084650645797,0.010299266260582987
2017-07-31,2017-08-31,93,22,22,0.2366,0.008976536059508175,0.00010403990570362294,0.008872496153804551,0.002917755168571512,0.005954740985233039
2017-08-31,2017-09-30,93,19,19,0.2043,0.038874168531341374,9.042638358771533e-05,0.03878374214775366,0.015111742881877,0.02367199926587666
2017-09-30,2017-10-31,93,25,25,0.2688,0.05087926948412738,0.00011652799336032377,0.05076274149076706,0.028643747885836568,0.02211899360493049
2017-10-31,2017-11-30,94,28,27,0.2926,0.025438840549195717,0.00012872674584534866,0.025310113803350368,0.030565807500037012,-0.005255693696686645
2017-11-30,2017-12-31,93,28,29,0.3065,-0.0012128854123706454,0.0001301360403964287,-0.001343021452767074,0.006980932574636611,-0.008323954027403685
2017-12-31,2018-01-31,94,27,26,0.2819,0.06959584130743332,0.0001188576323832734,0.06947698367505005,0.06175854808955794,0.007718435585492109
2018-01-31,2018-02-28,94,15,15,0.1596,-0.023828403951008423,7.922213265604574e-05,-0.02390762608366447,-0.036360468660991296,0.012452842577326827
2018-02-28,2018-03-31,94,26,26,0.2766,-0.004735943472884941,0.00011783904181354165,-0.004853782514698483,-0.03129016171710297,0.02643637920240449
2018-03-31,2018-04-30,94,21,21,0.2234,-0.00433126719716888,9.686632391813947e-05,-0.00442813352108702,0.009193854048069383,-0.013621987569156403
2018-04-30,2018-05-31,94,19,19,0.2021,0.07111981586466899,8.833072535243041e-05,0.07103148513931656,0.02430928125377596,0.0467222038855406
2018-05-31,2018-06-30,94,19,19,0.2021,-0.0018618475904803305,9.54492496072892e-05,-0.0019572968400876196,0.0012548511564258735,-0.003212147996513493
2018-06-30,2018-07-31,95,21,20,0.2158,0.014001302898429328,9.646106119544504e-05,0.013904841837233882,0.04170330283752688,-0.027798461000293
2018-07-31,2018-08-31,94,15,16,0.1649,0.08141752403174914,7.181633630469228e-05,0.08134570769544444,0.03191986110705458,0.04942584658838986
2018-08-31,2018-09-30,95,19,18,0.1947,0.007749130169894076,9.588844987777167e-05,0.007653241720016304,0.001412094678556075,0.006241147041460229
2018-09-30,2018-10-31,95,21,21,0.2211,-0.10436166599405118,9.50014133714934e-05,-0.10445666740742267,-0.0648900671549365,-0.039566600252486164
2018-10-31,2018-11-30,95,13,13,0.1368,0.0024492336594319217,7.486775177856444e-05,0.0023743659076533572,0.018549462345329948,-0.01617509643767659
2018-11-30,2018-12-31,94,19,20,0.2074,-0.08095849368339952,9.33812860139484e-05,-0.08105187496941348,-0.09334328440117967,0.012291409431766195
2018-12-31,2019-01-31,94,20,20,0.2128,0.0963808108540944,9.826164648388993e-05,0.09628254920761051,0.08637319315068992,0.009909356056920587
2019-01-31,2019-02-28,94,20,20,0.2128,0.059081525279563334,0.00010142588132993472,0.0589800993982334,0.03241571336559801,0.02656438603263539
2019-02-28,2019-03-31,95,28,27,0.2895,0.024909634026180356,0.00012800241084163957,0.024781631615338716,0.013635328302864957,0.011146303312473758
2019-03-31,2019-04-30,95,19,19,0.2,0.022925710922119726,8.794550863074489e-05,0.022837765413488982,0.04543718893921511,-0.02259942352572613
2019-04-30,2019-05-31,95,22,22,0.2316,-0.034467215237829064,0.00010079991992361333,-0.03456801515775268,-0.06377106423908807,0.02920304908133539
2019-05-31,2019-06-30,95,27,27,0.2842,0.0761057689362047,0.00012222164143974425,0.07598354729476496,0.06440923435070567,0.011574312944059292
2019-06-30,2019-07-31,95,32,32,0.3368,0.016630619509695094,0.00014496306653182761,0.016485656443163268,0.02005714922621693,-0.0035714927830536626
2019-07-31,2019-08-31,95,19,19,0.2,0.014625334767685698,8.622700636877705e-05,0.014539107761316922,-0.016743952813794927,0.03128306057511185
2019-08-31,2019-09-30,95,20,20,0.2105,-0.019386269014683242,9.355347243025958e-05,-0.019479822487113503,0.014771945085741978,-0.03425176757285548
2019-09-30,2019-10-31,95,25,25,0.2632,0.0022690768965129776,0.0001115465032587903,0.0021575303932541874,0.026824331132639267,-0.02466680073938508
2019-10-31,2019-11-30,95,25,25,0.2632,0.01095407090693566,0.00011079668369745831,0.010843274223238202,0.036198637475842066,-0.025355363252603864
2019-11-30,2019-12-31,95,34,34,0.3579,0.015504783310971321,0.0001495586460682608,0.01535522466490306,0.024020737640848777,-0.008665512975945717
2019-12-31,2020-01-31,95,27,27,0.2842,0.019450077204442362,0.00011862694850853127,0.01933145025593383,0.004510621731162567,0.014820828524771262
2020-01-31,2020-02-29,95,19,19,0.2,-0.0695067486775045,8.999541115441129e-05,-0.06959674408865892,-0.07916548210937036,0.00956873802071144
2020-02-29,2020-03-31,95,22,22,0.2316,-0.14494962433858416,0.00010456180472288439,-0.14505418614330703,-0.1299872549635137,-0.015066931179793325
2020-03-31,2020-04-30,95,22,22,0.2316,0.13778128348697005,0.00011533455474032967,0.13766594893222972,0.1336107842441827,0.004055164688047008
2020-04-30,2020-05-31,96,33,32,0.3385,0.07527115455714405,0.00015334693450674914,0.0751178076226373,0.04764521978043956,0.027472587842197735
2020-05-31,2020-06-30,96,20,20,0.2083,0.02045378758394314,9.681964840293664e-05,0.020356967935540204,0.013275312794580385,0.007081655140959819
2020-06-30,2020-07-31,96,24,24,0.25,0.07321997837463294,0.00011032738725926436,0.07310965098737368,0.0635517970993491,0.009557853888024576
2020-07-31,2020-08-31,96,17,17,0.1771,0.04662382749326713,8.538705409115807e-05,0.04653844043917597,0.06979659808724281,-0.023258157648066845
2020-08-31,2020-09-30,96,21,21,0.2188,-0.0170164166802233,0.00010025305737357551,-0.017116669737596877,-0.041281352688034234,0.024164682950437357
2020-09-30,2020-10-31,96,20,20,0.2083,-0.0052775680153516235,9.141039095237217e-05,-0.005368978406303996,-0.021030321519857176,0.015661343113553182
2020-10-31,2020-11-30,97,16,15,0.1598,0.11506314498549258,7.490000827627415e-05,0.11498824497721631,0.10877688374900485,0.006211361228211462
2020-11-30,2020-12-31,97,16,16,0.1649,0.035447437387113596,8.738750479860183e-05,0.035360049882314996,0.0326467233524379,0.0027133265298770956
2020-12-31,2021-01-31,97,19,19,0.1959,0.01960819129657315,8.916438667604893e-05,0.0195190269098971,-0.005971430365202424,0.025490457275099524
2021-01-31,2021-02-28,97,16,16,0.1649,0.031143750046609613,7.591219119015992e-05,0.031067837855419455,0.027805742742423645,0.00326209511299581
2021-02-28,2021-03-31,97,23,23,0.2371,0.00798497123294345,0.00010807614107130125,0.007876895091872149,0.04198633022443499,-0.034109435132562836
2021-03-31,2021-04-30,97,21,21,0.2165,0.04770850796440883,9.804848001878093e-05,0.04761045948439005,0.05635888351878715,-0.008748424034397101
2021-04-30,2021-05-31,97,37,37,0.3814,0.0336116810677578,0.00016141460697102368,0.033450266460786776,0.006566175165968913,0.026884091294817863
2021-05-31,2021-06-30,97,24,24,0.2474,0.01690272916716519,0.00010765075572427625,0.016795078411440914,0.019093331806586678,-0.0022982533951457634
2021-06-30,2021-07-31,97,20,20,0.2062,-0.0029254081651418455,9.280332720170539e-05,-0.0030182114923435507,0.027763999856495802,-0.030782211348839354
2021-07-31,2021-08-31,97,17,17,0.1753,0.036415195129856325,8.05611446765669e-05,0.036334633985179755,0.029759891958028195,0.00657474202715156
2021-08-31,2021-09-30,97,18,18,0.1856,-0.031029064241649355,8.512058785391078e-05,-0.031114184829503268,-0.04964999881717369,0.018535813987670423
2021-09-30,2021-10-31,97,22,22,0.2268,0.07672904415879199,0.0001017715878851501,0.07662727257090685,0.07359182811712861,0.0030354444537782355
2021-10-31,2021-11-30,97,23,23,0.2371,-0.03506573418599698,0.00010880572933963029,-0.03517453991533661,-0.008034840829721168,-0.02713969908561544
2021-11-30,2021-12-31,97,19,19,0.1959,0.03754526476034126,9.011524448619702e-05,0.03745514951585506,0.042585094116061706,-0.005129944600206646
2021-12-31,2022-01-31,97,21,21,0.2165,-0.058850298353914685,9.715641448842647e-05,-0.05894745476840311,-0.0494136420330612,-0.009533812735341908
2022-01-31,2022-02-28,98,22,21,0.2194,0.00021157625967289787,0.00010522767981144054,0.00010634857986145733,-0.029516785158953396,0.029623133738814852
2022-02-28,2022-03-31,98,28,28,0.2857,0.04281206231054987,0.00012500306544337722,0.04268705924510649,0.03437707131295742,0.008309987932149071
2022-03-31,2022-04-30,98,34,34,0.3469,-0.06657049764392954,0.00014886239709930573,-0.06671936004102885,-0.08493511537293164,0.018215755331902783
2022-04-30,2022-05-31,98,27,27,0.2755,0.027544794578215948,0.00012104819668415415,0.027423746381531795,0.0022571269556612705,0.025166619425870524
2022-05-31,2022-06-30,98,20,20,0.2041,-0.09644337013572965,9.484961596553208e-05,-0.09653821975169519,-0.08640678541931479,-0.010131434332380396
2022-06-30,2022-07-31,98,23,23,0.2347,0.0827324340674562,0.00011146017974549363,0.08262097388771071,0.09680498845102914,-0.014184014563318428
2022-07-31,2022-08-31,98,27,27,0.2755,0.0031386254547007128,0.00012141825417173805,0.0030172072005289746,-0.040802066225756106,0.04381927342628508
2022-08-31,2022-09-30,99,23,22,0.2273,-0.07748773386835393,9.967273627174628e-05,-0.07758740660462568,-0.09615881852104835,0.01857141191642267
2022-09-30,2022-10-31,99,15,15,0.1515,0.139164481963187,7.43954577871256e-05,0.1390900865053999,0.08571730645544973,0.053372780049950164
2022-10-31,2022-11-30,99,16,16,0.1616,0.04064005613662454,8.974713039334572e-05,0.040550309006231196,0.055591502201789655,-0.01504119319555846
2022-11-30,2022-12-31,99,17,17,0.1717,-0.05209278407683612,7.772427661667643e-05,-0.05217050835345279,-0.06193572537830372,0.009765217024850927
2022-12-31,2023-01-31,98,13,14,0.1378,0.016566864551167983,6.535955049470796e-05,0.016501505000673277,0.06776816821527865,-0.051266663214605365
2023-01-31,2023-02-28,99,10,9,0.096,-0.018489429703512805,4.960039761138888e-05,-0.018539030101124194,-0.025142813643760253,0.00660378354263606
2023-02-28,2023-03-31,99,23,23,0.2323,-0.004111936196066426,0.00010205016005642528,-0.004213986356122851,0.033134886970247246,-0.037348873326370095
2023-03-31,2023-04-30,99,28,28,0.2828,0.006476867773645584,0.00012065052110941181,0.0063562172525361725,0.019852491600214073,-0.0134962743476779
2023-04-30,2023-05-31,99,28,28,0.2828,-0.015789928398704096,0.00012116807586067045,-0.015911096474564766,0.0046161570452569745,-0.02052725351982174
2023-05-31,2023-06-30,99,22,22,0.2222,0.08718334666925179,0.0001021195247400273,0.08708122714451176,0.0608591470642299,0.02622208008028186
2023-06-30,2023-07-31,99,26,26,0.2626,0.024031652126463566,0.00011886854520589908,0.023912783581257667,0.03656949931885234,-0.012656715737594672
2023-07-31,2023-08-31,99,23,23,0.2323,-0.016040065636017505,0.0001020281067985314,-0.016142093742816038,-0.016252006171284528,0.00010991242846849006
2023-08-31,2023-09-30,99,16,16,0.1616,-0.05453393481388651,7.70975677615122e-05,-0.05461103238164802,-0.050782730440929624,-0.0038283019407183982
2023-09-30,2023-10-31,99,21,21,0.2121,-0.04689926712576137,9.599541592793187e-05,-0.0469952625416893,-0.018257717023346554,-0.028737545518342747
2023-10-31,2023-11-30,99,21,21,0.2121,0.12883081283671194,9.555172318835467e-05,0.1287352611135236,0.09134356553320555,0.037391695580318046
2023-11-30,2023-12-31,99,25,25,0.2525,0.06189887209055112,0.00012170755965781421,0.06177716453089331,0.04143301886265305,0.020344145668240263
2023-12-31,2024-01-31,99,23,23,0.2323,0.03556867902851718,0.00010602097071475061,0.03546265805780243,0.02004549100155728,0.01541716705624515
2024-01-31,2024-02-29,99,18,18,0.1818,0.12709485646695723,8.408594054406481e-05,0.12701077052641316,0.052186826731802416,0.07482394379461074
2024-02-29,2024-03-31,99,17,17,0.1717,0.05230354171507059,9.205981236508393e-05,0.052211481902705505,0.02950329534252827,0.022708186560177236
2024-03-31,2024-04-30,99,18,18,0.1818,-0.048275293335205215,8.500956160200966e-05,-0.04836030289680723,-0.03733795994054523,-0.011022342956261998
2024-04-30,2024-05-31,99,20,20,0.202,0.05330576632593623,9.212972826234866e-05,0.05321363659767388,0.050579723908376284,0.0026339126892975934
2024-05-31,2024-06-30,99,18,18,0.1818,0.023185218180102864,8.577545166984959e-05,0.023099442728433013,0.03195108465249685,-0.00885164192406384
2024-06-30,2024-07-31,99,22,22,0.2222,0.015419043278139115,9.883230065325394e-05,0.01532021097748586,0.015374300833944421,-5.408985645856054e-05
2024-07-31,2024-08-31,99,21,21,0.2121,0.033815563100499324,9.672081643323784e-05,0.03371884228406609,0.02336543235242594,0.010353409931640148
2024-08-31,2024-09-30,99,23,23,0.2323,0.03864377029921936,0.00010387857243089982,0.038539891726788456,0.017882478483413955,0.0206574132433745
2024-09-30,2024-10-31,99,25,25,0.2525,0.010994010229602676,0.00011048039713404241,0.010883529832468633,-0.00588351193787684,0.01676704177034547
2024-10-31,2024-11-30,99,20,20,0.202,0.11654840106801292,9.06194250624251e-05,0.1164577816429505,0.05963336231606009,0.056824419326890405
2024-11-30,2024-12-31,99,31,31,0.3131,-0.06458299790951522,0.0001470429491330294,-0.06473004085864825,-0.027333748729297724,-0.03739629212935053
2024-12-31,2025-01-31,99,21,21,0.2121,0.07604547530441533,9.803367914374678e-05,0.07594744162527158,0.0303124553442895,0.04563498628098207
2025-01-31,2025-02-28,99,22,22,0.2222,-0.03406468450709851,0.00010384789773461924,-0.03416853240483313,-0.012694935709927635,-0.021473596694905492
2025-02-28,2025-03-31,99,18,18,0.1818,-0.08808171234833506,8.709106286265177e-05,-0.08816880341119772,-0.05855127922553982,-0.029617524185657898
2025-03-31,2025-04-30,99,28,28,0.2828,0.00439193271711305,0.00012687599011845598,0.004265056726994594,-0.005687959126836062,0.009953015853830655
2025-04-30,2025-05-31,100,26,25,0.255,0.0584579991134639,0.00011327840200283347,0.058344720711461066,0.06284486771162645,-0.0045001470001653845
2025-05-31,2025-06-30,100,23,23,0.23,0.04368147595326672,0.00010720843558312326,0.0435742675176836,0.04828711731137414,-0.004712849793690542
2025-06-30,2025-07-31,100,26,26,0.26,0.01864840332670437,0.00011417607730098991,0.01853422724940338,0.02605592955723468,-0.0075217023078313
2025-07-31,2025-08-31,100,21,21,0.21,0.019465031994316945,9.650914476422896e-05,0.019368522849552715,0.020519537835420598,-0.0011510149858678827
2025-08-31,2025-09-30,100,18,18,0.18,0.07352342749822577,8.304755947948675e-05,0.07344037993874628,0.03275713817185344,0.040683241766892836
2025-09-30,2025-10-31,100,14,14,0.14,0.0030518348307991706,7.323123293846709e-05,0.0029786035978607035,0.026675866919476432,-0.02369726332161573
2025-10-31,2025-11-30,100,19,19,0.19,0.01468312359611468,8.867917916884027e-05,0.014594444416945839,0.0019500340229998692,0.01264441039394597
2025-11-30,2025-12-31,100,26,26,0.26,0.018639576212389337,0.00011535694112389154,0.018524219271265446,-0.002151030393678588,0.020675249664944034
2025-12-31,2026-01-31,100,21,21,0.21,0.05452244858438845,9.580121115562476e-05,0.05442664737323282,0.017736187477164433,0.03669045989606839
2026-01-31,2026-02-28,100,17,17,0.17,0.03902231816196593,8.547210718028683e-05,0.03893684605478564,-0.008641951723092456,0.047578797777878094
2026-02-28,2026-03-31,100,15,15,0.15,-0.06071437620573089,7.833779850647903e-05,-0.06079271400423737,-0.05196861816263498,-0.008824095841602389
2026-03-31,2026-04-30,100,19,19,0.19,0.13410812868873875,8.994535087382185e-05,0.13401818333786494,0.10070052646532135,0.033317656872543594
